title,description,date,location_name,lat,lng,tags,is_fictional
Space Shuttle Columbia Disaster,"On February 1, 2003, Space Shuttle Columbia disintegrated during re-entry, killing all seven crew members. Foam insulation shed during launch had damaged the thermal protection tiles on the left wing. The Columbia Accident Investigation Board found that NASA's organisational culture and decision-making processes were as much a cause as the physical failure.",February 1 2003,"Kennedy Space Center, Florida, USA",28.5729,-80.6490,"space,nasa,columbia,engineering",false
Chernobyl Nuclear Disaster,"On April 26, 1986, reactor No. 4 at the Chernobyl Nuclear Power Plant exploded during a safety test, releasing massive quantities of radioactive material across Europe. The disaster was the result of a flawed reactor design operated by inadequately trained personnel — and a culture in which safety concerns were systematically suppressed.",April 26 1986,"Chernobyl, Ukrainian SSR",51.3890,30.0993,"nuclear,soviet,chernobyl,radiation",false
Bhopal Gas Tragedy,"In the early hours of December 3, 1984, a Union Carbide pesticide plant in Bhopal, India, leaked methyl isocyanate gas into densely populated neighbourhoods, killing thousands immediately and tens of thousands in subsequent years. It remains the world's worst industrial disaster, and the causes — deferred maintenance, cost-cutting, and inadequate safety systems — were entirely preventable.",December 3 1984,"Bhopal, Madhya Pradesh, India",23.2599,77.4126,"industrial,chemical,india,union-carbide",false
Tenerife Airport Disaster,"On March 27, 1977, two Boeing 747s collided on the runway at Los Rodeos Airport in Tenerife, killing 583 people in the deadliest aviation accident in history. KLM Flight 4805 began its take-off run without clearance while Pan Am Flight 1736 was still on the runway. Fog, radio congestion, and miscommunication combined into catastrophe.",March 27 1977,"Los Rodeos Airport, Tenerife, Spain",28.4827,-16.3413,"aviation,runway,collision,tenerife",false
Deepwater Horizon,"On April 20, 2010, the Deepwater Horizon oil rig exploded in the Gulf of Mexico, killing 11 workers and triggering the largest accidental marine oil spill in history. Investigations found a series of cost-cutting decisions and failed safety barriers, along with regulatory failures by the Minerals Management Service.",April 20 2010,"Gulf of Mexico, USA",28.7366,-88.3666,"oil,spill,offshore,bp,gulf",false
Piper Alpha Disaster,"On July 6, 1988, explosions and fires destroyed the Piper Alpha oil platform in the North Sea, killing 167 of the 228 people on board. A failure of the permit-to-work system allowed workers to restart a pump whose safety valve had been removed for maintenance. The Cullen Inquiry led to sweeping reforms in offshore safety regulation.",July 6 1988,"North Sea, UK",58.4700,0.2400,"offshore,oil,fire,explosion,north-sea",false
Air France Flight 447,"On June 1, 2009, Air France Flight 447 crashed into the Atlantic Ocean, killing all 228 on board. The aircraft's pitot tubes iced over, causing the autopilot to disengage. The crew responded incorrectly to the resulting stall. The accident exposed deep problems with how automation shapes pilot skills and situational awareness.",June 1 2009,"Atlantic Ocean",2.9800,-30.5900,"aviation,airbus,stall,automation,atlantic",false
Rana Plaza Collapse,"On April 24, 2013, the Rana Plaza building in Dhaka, Bangladesh, collapsed, killing 1,134 garment workers. Cracks had been visible the day before; building managers sent workers home, but garment factory owners ordered staff back in. The disaster exposed the human cost of fast fashion supply chains and their oversight failures.",April 24 2013,"Savar, Dhaka, Bangladesh",23.8759,90.2666,"structural,collapse,garment,bangladesh,supply-chain",false
Hyatt Regency Walkway Collapse,"On July 17, 1981, two suspended walkways in the atrium of the Hyatt Regency Kansas City collapsed during a crowded dance event, killing 114 people and injuring more than 200. A last-minute design change to the hanger rod configuration had doubled the load on the fourth-floor walkway connection. Engineers had approved drawings without catching the error.",July 17 1981,"Kansas City, Missouri, USA",39.1017,-94.5786,"structural,engineering,hotel,collapse,walkway",false
Triangle Shirtwaist Factory Fire,"On March 25, 1911, a fire at the Triangle Shirtwaist Company in New York City killed 146 garment workers, most of them young immigrant women. Exits were locked to prevent unauthorised breaks. The disaster galvanised the US labour movement and led directly to major workplace safety legislation.",March 25 1911,"New York City, New York, USA",40.7246,-74.0055,"fire,labour,garment,new-york,safety",false
Titanic Sinking,"On April 15, 1912, RMS Titanic sank after striking an iceberg on its maiden voyage, killing over 1,500 people. The disaster combined overconfidence in the ship's design, insufficient lifeboats, and poor lifeboat procedures. Wireless operator failures and the culture of the era meant warnings were ignored and responses were delayed.",April 15 1912,"North Atlantic Ocean",41.7260,-49.9480,"maritime,shipping,iceberg,atlantic",false
Tacoma Narrows Bridge Collapse,"On November 7, 1940, the Tacoma Narrows suspension bridge in Washington State dramatically collapsed due to aeroelastic flutter — a resonance effect from wind. The bridge had been built too lightweight and flexible. The collapse fundamentally changed how engineers design suspension bridges and is now a staple of engineering education.",November 7 1940,"Tacoma, Washington, USA",47.2690,-122.5510,"structural,bridge,engineering,resonance",false
Herald of Free Enterprise,"On March 6, 1987, the car ferry Herald of Free Enterprise capsized just outside Zeebrugge harbour, Belgium, killing 193 people. The bow doors had been left open when the ship departed. The subsequent inquiry coined the term 'organisational accident' and found systemic failures at every level of P&O Ferries.",March 6 1987,"Zeebrugge, Belgium",51.3430,3.1830,"maritime,ferry,capsizing,belgium",false
King's Cross Fire,"On November 18, 1987, a fire in a wooden escalator at King's Cross St Pancras Underground station in London killed 31 people. Investigators found that London Underground had systematically ignored fire risks for years, and that a flash-fire phenomenon — the trench effect — was not understood until the disaster itself.",November 18 1987,"London, United Kingdom",51.5308,-0.1238,"fire,underground,london,rail,escalator",false
Eschede Train Disaster,"On June 3, 1998, a German ICE high-speed train derailed near Eschede after a wheel tyre fractured, killing 101 people in Germany's deadliest post-war rail accident. The tyre had developed a fatigue crack that went undetected. The accident prompted global re-evaluation of wheel inspection procedures for high-speed rail.",June 3 1998,"Eschede, Germany",52.7750,10.2470,"rail,high-speed,derailment,germany",false
Texas City Disaster 1947,"On April 16, 1947, a fire aboard the cargo ship Grandcamp in Texas City, Texas, detonated ammonium nitrate fertiliser cargo, triggering a chain of explosions that killed nearly 600 people and injured thousands more. It remains the deadliest industrial accident in US history. The blast also destroyed a nearby ship and several refineries.",April 16 1947,"Texas City, Texas, USA",29.3838,-94.9027,"explosion,industrial,ammonium-nitrate,texas,maritime",false
Exxon Valdez Oil Spill,"On March 24, 1989, the oil tanker Exxon Valdez ran aground on Bligh Reef in Prince William Sound, Alaska, spilling 11 million gallons of crude oil. The spill devastated the local ecosystem and fishing industry. Subsequent investigation found crew fatigue, alcohol use, and an understaffed bridge among the contributing factors.",March 24 1989,"Prince William Sound, Alaska, USA",60.8409,-146.8660,"oil,spill,tanker,alaska,environment",false
Hillsborough Disaster,"On April 15, 1989, 97 Liverpool football fans were killed in a human crush at Hillsborough stadium during an FA Cup semi-final. Police commanders made a catastrophic decision to open an exit gate without controlling crowd flow into already-full standing pens. The subsequent cover-up, in which police blamed fans, persisted for decades.",April 15 1989,"Sheffield, United Kingdom",53.4083,-1.5009,"crowd-crush,stadium,football,police,cover-up",false
Kegworth Air Disaster,"On January 8, 1989, British Midland Flight 92 crashed onto the M1 motorway embankment near Kegworth, killing 47 of the 126 on board. After an engine fault, the crew shut down the wrong engine — the functioning one — based on misleading vibration cues and incomplete instrument cross-checking. The accident transformed crew resource management training.",January 8 1989,"Kegworth, Leicestershire, UK",52.8271,-1.2694,"aviation,crew-resource-management,engine,motorway",false
Concorde Crash,"On July 25, 2000, Air France Concorde Flight 4590 crashed shortly after take-off from Paris Charles de Gaulle Airport, killing all 109 on board and four on the ground. A metal strip on the runway had punctured a tyre, sending debris into a fuel tank. The accident ended commercial Concorde operations within three years.",July 25 2000,"Gonesse, France",49.0150,2.5160,"aviation,concorde,supersonic,france",false
Apollo 1 Fire,"On January 27, 1967, a cabin fire during a launch rehearsal test at Cape Canaveral killed astronauts Gus Grissom, Ed White, and Roger Chaffee. The fire spread rapidly in the pure oxygen atmosphere of the capsule. The disaster prompted a comprehensive redesign of the Apollo command module and a fundamental reassessment of NASA's approach to risk.",January 27 1967,"Cape Canaveral, Florida, USA",28.5383,-80.6481,"space,nasa,apollo,fire",false
Thalidomide Tragedy,"Between 1957 and 1962, the drug thalidomide — prescribed to pregnant women for morning sickness — caused severe birth defects in an estimated 10,000 children worldwide. The drug had been inadequately tested. The scandal directly led to the modern clinical trial system and the creation of rigorous drug approval processes in the US and Europe.",1957–1962,"Global",,,"pharmaceutical,drug,birth-defects,regulation",false
Love Canal Contamination,"From the 1940s to the 1970s, the Love Canal neighbourhood in Niagara Falls, New York, was built on top of a chemical waste dump. By the late 1970s, residents were experiencing dramatically elevated rates of cancer and birth defects. The subsequent public health emergency helped catalyse the creation of the US Superfund programme.",1940s–1970s,"Niagara Falls, New York, USA",43.0883,-79.0167,"chemical,contamination,public-health,environment,superfund",false
Minamata Disease,"From the 1950s onwards, residents of Minamata, Japan, developed severe neurological symptoms — later named Minamata disease — caused by mercury-contaminated wastewater discharged by the Chisso chemical plant. The company and government concealed the connection for years. The disaster became a defining case in environmental law and corporate accountability.",1950s–1970s,"Minamata, Kumamoto, Japan",32.2137,130.4120,"chemical,mercury,contamination,japan,environment",false
Great Smog of London,"In December 1952, a combination of fog, cold weather, and coal smoke created a dense smog that blanketed London for five days, killing an estimated 12,000 people. The event directly led to the UK's Clean Air Act of 1956 and transformed public understanding of air pollution as a public health emergency.",December 1952,"London, United Kingdom",51.5074,-0.1278,"air-quality,pollution,public-health,london,regulation",false
Windscale Fire,"On October 10, 1957, a fire at the Windscale nuclear reactor in Cumberland, England, released radioactive contamination across the UK and Europe. It remains the worst nuclear accident in British history. The government suppressed key details of the accident report for decades, fearing public panic and damage to the nuclear programme.",October 10 1957,"Windscale, Cumbria, UK",54.4232,-3.4986,"nuclear,fire,uk,radiation,cover-up",false
Kyshtym Nuclear Disaster,"On September 29, 1957, a chemical explosion at the Mayak nuclear facility in the Soviet Union released radioactive contamination across 20,000 square kilometres. The event — which the Soviet government concealed for decades — is rated as the third most serious nuclear accident in history, behind Chernobyl and Fukushima.",September 29 1957,"Chelyabinsk Oblast, Soviet Union",55.7124,60.8500,"nuclear,soviet,explosion,radiation,cover-up",false
Therac-25 Radiation Overdoses,"Between 1985 and 1987, software bugs in the Therac-25 radiation therapy machine caused at least six patients to receive massive radiation overdoses, killing three. The accidents are now a foundational case study in software engineering ethics, race conditions, and the dangers of removing hardware safety interlocks when introducing software controls.",1985–1987,"USA and Canada",,,"software,medical,radiation,safety,engineering",false
Ariane 5 Flight 501,"On June 4, 1996, the Ariane 5 rocket exploded 40 seconds after launch due to a software error: a 64-bit floating-point number was converted to a 16-bit integer, causing an overflow exception that crashed the guidance system. The rocket had been carrying four scientific satellites worth $500 million. The error originated in code reused uncritically from Ariane 4.",June 4 1996,"Kourou, French Guiana",5.2320,-52.7693,"software,space,rocket,overflow,engineering",false
Vajont Dam Disaster,"On October 9, 1963, a massive landslide into the reservoir behind the Vajont Dam in northern Italy generated a megaflood that overtoped the dam and destroyed several villages, killing nearly 2,000 people. Engineers had observed warning signs of slope instability for years. The dam itself survived; the disaster was a failure of geological assessment and institutional response to warnings.",October 9 1963,"Longarone, Italy",46.2720,12.3010,"dam,landslide,flood,italy,engineering",false
Halifax Explosion,"On December 6, 1917, two ships collided in Halifax Harbour — one carrying explosives — triggering the largest artificial explosion before the atomic bomb, killing nearly 2,000 people and destroying much of the city. The disaster resulted from wartime convoy confusion, inadequate harbour traffic control, and a catastrophic failure to clear the harbour after the initial collision.",December 6 1917,"Halifax, Nova Scotia, Canada",44.6476,-63.5728,"explosion,maritime,wartime,canada,harbour",false
Pan Am Flight 103,"On December 21, 1988, Pan Am Flight 103 was destroyed by a bomb over Lockerbie, Scotland, killing all 259 on board and 11 on the ground. The attack has been linked to Libyan intelligence operatives. The disaster exposed failures in airport security and baggage screening, and led to significant reforms in civil aviation security.",December 21 1988,"Lockerbie, Scotland, UK",55.1173,-3.3527,"aviation,terrorism,bombing,scotland",false
Japan Airlines Flight 123,"On August 12, 1985, Japan Airlines Flight 123 crashed into Mount Takamagahara 32 minutes after a catastrophic failure of its rear pressure bulkhead, killing 520 people in the world's deadliest single-aircraft accident. The bulkhead had been improperly repaired by Boeing engineers after a tail strike seven years earlier. The aircraft flew without vertical stabiliser control for 32 minutes.",August 12 1985,"Ueno, Gunma, Japan",36.0000,138.6900,"aviation,maintenance,structural,japan",false
Ethiopian Airlines Flight 302,"On March 10, 2019, Ethiopian Airlines Flight 302 crashed six minutes after take-off, killing all 157 on board — the second fatal crash of a Boeing 737 MAX within five months. Faulty sensor data had triggered the MCAS anti-stall system, repeatedly pushing the nose down. The crashes led to the longest grounding of a commercial aircraft type in US aviation history.",March 10 2019,"Ejere, Ethiopia",8.8730,39.0050,"aviation,737-max,boeing,mcas,regulation",false
Lion Air Flight 610,"On October 29, 2018, Lion Air Flight 610 crashed into the Java Sea 13 minutes after take-off, killing all 189 on board. A faulty angle-of-attack sensor had triggered the Boeing 737 MAX's MCAS system, which repeatedly pushed the nose down against the crew's efforts. Boeing had not adequately disclosed MCAS in pilot training materials.",October 29 2018,"Java Sea, Indonesia",-5.8100,107.1200,"aviation,737-max,boeing,mcas,indonesia",false
Grenfell Tower Fire,"On June 14, 2017, a fire broke out in Grenfell Tower, a 24-storey residential block in London, killing 72 people. The fire spread rapidly up the exterior of the building via recently installed cladding that failed to meet fire safety standards. The disaster exposed failures in building regulation, social housing management, and the treatment of residents' complaints.",June 14 2017,"London, United Kingdom",51.5133,-0.2210,"fire,cladding,housing,regulation,london",false
Station Nightclub Fire,"On February 20, 2003, a pyrotechnics display at The Station nightclub in West Warwick, Rhode Island, ignited foam soundproofing, killing 100 people. The club was overcrowded, fire exits were inadequate, and the highly flammable foam had been installed without proper fire assessment. The disaster prompted sweeping changes to US fire safety codes for entertainment venues.",February 20 2003,"West Warwick, Rhode Island, USA",41.6998,-71.5136,"fire,nightclub,pyrotechnics,rhode-island",false
MV Sewol Sinking,"On April 16, 2014, the South Korean ferry Sewol sank while carrying 476 passengers, mostly high school students on a field trip, killing 304 people. The ship had been overloaded and improperly modified. Passengers were told to stay in place while the ship sank. The captain and crew abandoned ship before evacuating passengers. The disaster became a profound national trauma.",April 16 2014,"Jindo-gun, South Korea",34.2030,125.9580,"maritime,ferry,korea,evacuation,negligence",false
Costa Concordia Disaster,"On January 13, 2012, the cruise ship Costa Concordia ran aground off the island of Giglio, Italy, after the captain ordered an unauthorised close pass of the island, killing 32 people. The captain abandoned ship before the evacuation was complete and was later convicted of manslaughter and abandoning ship. The disaster raised major questions about maritime emergency management.",January 13 2012,"Isola del Giglio, Italy",42.3710,10.9080,"maritime,cruise,grounding,italy,negligence",false
Estonia Ferry Disaster,"On September 28, 1994, the passenger ferry Estonia sank in the Baltic Sea, killing 852 people in Europe's worst peacetime maritime disaster. The bow visor — which secured the car deck — failed in heavy seas, allowing water to flood in. The disaster exposed inadequate safety standards and regulatory oversight for Baltic ferry routes.",September 28 1994,"Baltic Sea",59.3500,21.4200,"maritime,ferry,estonia,baltic,structural",false
MH370 Disappearance,"On March 8, 2014, Malaysia Airlines Flight MH370 disappeared en route from Kuala Lumpur to Beijing with 239 people on board. Satellite data indicated the aircraft deviated dramatically from its course and ultimately crashed in the southern Indian Ocean. Despite the largest search operation in aviation history, the main wreckage has never been found. The causes remain unknown.",March 8 2014,"Indian Ocean",-38.0000,88.0000,"aviation,disappearance,malaysia,mystery",false
MH17 Shootdown,"On July 17, 2014, Malaysia Airlines Flight MH17 was shot down over eastern Ukraine by a surface-to-air missile, killing all 298 on board. The Dutch Safety Board and international investigators concluded that a Buk missile system operated by Russian-backed forces was responsible. The disaster occurred as the aircraft flew over an active conflict zone.",July 17 2014,"Hrabove, Ukraine",48.1300,38.6500,"aviation,missile,ukraine,conflict",false
Champlain Towers South Collapse,"In the early hours of June 24, 2021, the Champlain Towers South condominium in Surfside, Florida, partially collapsed, killing 98 people. Engineering inspections had flagged significant concrete deterioration as far back as 1981. Deferred maintenance, inadequate reserve funds, and slow action by the condo association preceded the collapse by decades.",June 24 2021,"Surfside, Florida, USA",25.8946,-80.1221,"structural,collapse,concrete,florida,maintenance",false
Lac-Mégantic Rail Disaster,"On July 6, 2013, an unattended freight train carrying crude oil rolled downhill into the town centre of Lac-Mégantic, Quebec, and derailed. The resulting explosions and fires killed 47 people and destroyed much of the downtown area. Investigators found that the lone engineer had left the train inadequately braked, and that the company's safety management system was critically deficient.",July 6 2013,"Lac-Mégantic, Quebec, Canada",45.5765,-70.8836,"rail,oil,derailment,canada,fire",false
Westgate Shopping Mall Attack,"On September 21, 2013, al-Shabaab militants attacked the Westgate shopping centre in Nairobi, Kenya, killing at least 67 people over a four-day siege. Security failures — including inadequate access controls and poor emergency response coordination — allowed the attackers to hold the building for days. Kenyan military operations to retake the mall caused additional structural damage.",September 21 2013,"Nairobi, Kenya",-1.2697,36.8027,"terrorism,security,kenya,mass-casualty",false
I-35W Bridge Collapse,"On August 1, 2007, the I-35W highway bridge over the Mississippi River in Minneapolis collapsed during rush hour, killing 13 people and injuring 145. The National Transportation Safety Board found that undersized gusset plates — a design flaw from the original 1967 construction — had finally failed under the load of construction equipment on the bridge at the time.",August 1 2007,"Minneapolis, Minnesota, USA",44.9795,-93.2457,"structural,bridge,collapse,minnesota,infrastructure",false
Texas City BP Refinery Explosion,"On March 23, 2005, an explosion at BP's Texas City refinery killed 15 workers and injured 180 others. The blast originated in a raffinate splitter tower that had been overfilled during a restart, and was the deadliest US industrial accident in over a decade. Investigations found a pattern of safety culture failures, budget cuts, and normalised deviations.",March 23 2005,"Texas City, Texas, USA",29.3838,-94.9027,"industrial,explosion,bp,texas,safety-culture",false
West Fertilizer Plant Explosion,"On April 17, 2013, a fire at the West Fertilizer Company in West, Texas, detonated ammonium nitrate, killing 15 people and injuring 160 others. The explosion levelled much of the surrounding area. Investigators found that the facility had not informed local emergency services of the quantities of hazardous materials stored, as required by law.",April 17 2013,"West, Texas, USA",31.8034,-97.0888,"explosion,ammonium-nitrate,texas,industrial",false
Enschede Fireworks Disaster,"On May 13, 2000, a fire at a fireworks storage facility in a residential area of Enschede, Netherlands, triggered a series of explosions that killed 23 people, injured 947, and destroyed approximately 400 homes. The fireworks company had been storing far more material than its licence permitted, and inspections had failed to identify the hazard.",May 13 2000,"Enschede, Netherlands",52.2215,6.8937,"explosion,fireworks,netherlands,industrial,residential",false
Banqiao Dam Failure,"In August 1975, Typhoon Nina caused the failure of the Banqiao Dam in China, triggering a catastrophic flood that killed an estimated 170,000 people — one of the deadliest dam failures in history. The dam had been designed to withstand a 1-in-1000-year flood; the typhoon brought a 1-in-2000-year event. Warnings sent by telegraph were not received in time.",August 1975,"Zhumadian, Henan, China",32.9800,114.0500,"dam,flood,china,typhoon,infrastructure",false
Vajont Dam Overtopping,"On October 9, 1963, a massive landslide into the Vajont Reservoir in Italy caused a wave that overtopped the dam, sending a wall of water through the Piave valley and destroying the town of Longarone with almost no warning. Nearly 2,000 people died. Geologists had warned of unstable slopes for years, but the warnings were not acted upon.",October 9 1963,"Longarone, Veneto, Italy",46.2720,12.3010,"dam,landslide,flood,italy,engineering",false
Amtrak Sunset Limited Derailment,"On September 22, 1993, a towboat pushed a barge into a railroad bridge over the Big Bayou Canot in Alabama, misaligning the tracks. Three minutes later, Amtrak's Sunset Limited crossed the damaged bridge and plunged into the swamp below, killing 47 people in the worst Amtrak accident in US history. The towboat crew had been navigating without charts in foggy conditions.",September 22 1993,"Bayou Canot, Alabama, USA",31.0460,-88.0890,"rail,bridge,collision,maritime,fog",false
Phillips Petroleum Explosion,"On October 23, 1989, a series of explosions at the Phillips Petroleum plant in Pasadena, Texas, killed 23 workers and injured 314. A maintenance error allowed polyethylene reactor gases to escape and ignite. The accident was a major driver of the OSHA Process Safety Management standard, which fundamentally changed how chemical plant safety is regulated in the US.",October 23 1989,"Pasadena, Texas, USA",29.7105,-95.2091,"industrial,explosion,chemical,texas,process-safety",false
Paddington Rail Crash,"On October 5, 1999, two trains collided near Paddington Station in London, killing 31 people. A Thames Trains service passed a red signal — known as a signal passed at danger (SPAD) — and struck a First Great Western train on a shared stretch of track. The inquiry found that Thames Trains had inadequate SPAD management and training.",October 5 1999,"Paddington, London, UK",51.5154,-0.1822,"rail,signal,collision,london",false
Potters Bar Rail Crash,"On May 10, 2002, a WAGN passenger train derailed at Potters Bar, killing seven people. A set of points had been inadequately maintained and failed catastrophically. The crash followed the privatisation of the UK rail network and highlighted tensions between infrastructure maintenance contractors and safety regulators.",May 10 2002,"Potters Bar, Hertfordshire, UK",51.6987,-0.1765,"rail,derailment,maintenance,privatisation,uk",false
Lakanal House Fire,"On July 3, 2009, a fire in Lakanal House, a south London tower block, killed six people including three children. The building did not comply with current fire safety standards, and its 'stay put' evacuation policy was maintained far too long. The inquest jury found multiple failures, and the Lakanal fire is frequently cited alongside Grenfell as evidence of systemic social housing fire safety failures.",July 3 2009,"London, United Kingdom",51.4697,-0.0800,"fire,tower-block,housing,london,cladding",false
SL-1 Nuclear Accident,"On January 3, 1961, the SL-1 experimental nuclear reactor in Idaho suddenly exploded, killing all three military operators. One operator appears to have manually withdrawn the central control rod far beyond safe limits; the reason why remains unknown. The accident was the first fatal nuclear reactor accident in the United States and shaped early nuclear safety protocols.",January 3 1961,"Idaho Falls, Idaho, USA",43.5135,-112.9567,"nuclear,reactor,explosion,idaho,military",false
Swissair Flight 111,"On September 2, 1998, Swissair Flight 111 crashed into the Atlantic Ocean off Nova Scotia after an in-flight fire, killing all 229 on board. The fire originated in the in-flight entertainment wiring above the cockpit ceiling. The accident directly led to the removal of in-flight entertainment systems from many aircraft and a complete revision of aircraft wiring standards.",September 2 1998,"Peggy's Cove, Nova Scotia, Canada",44.4897,-64.0280,"aviation,fire,wiring,atlantic,canada",false
United Airlines Flight 232,"On July 19, 1989, United Airlines Flight 232 crashed while attempting an emergency landing at Sioux City, Iowa, after losing all hydraulic systems when its tail engine disintegrated. The crew improvised steering using differential thrust from the remaining engines. Of the 296 on board, 111 died but 185 survived — a number that experts attributed to extraordinary crew airmanship.",July 19 1989,"Sioux City, Iowa, USA",42.4026,-96.3844,"aviation,hydraulics,emergency-landing,crew-resource-management",false
American Airlines Flight 191,"On May 25, 1979, American Airlines Flight 191 crashed seconds after take-off from Chicago O'Hare, killing all 273 on board plus two on the ground — the deadliest US aviation accident. An engine pylon separated on take-off, severing hydraulic lines and causing asymmetric loss of lift. The FAA grounded all DC-10s following the accident.",May 25 1979,"Chicago, Illinois, USA",41.9742,-87.9073,"aviation,dc-10,engine,chicago",false
Turkish Airlines Flight 981,"On March 3, 1974, Turkish Airlines Flight 981 crashed near Paris after a cargo door blew out, killing all 346 on board. The door's design was known to be flawed — a similar failure had occurred two years earlier. McDonnell Douglas and the FAA had agreed on a modification but it had not been implemented. The crash remains one of the worst in aviation history.",March 3 1974,"Ermenonville, France",49.1200,2.8500,"aviation,cargo-door,dc-10,paris,design-flaw",false
ValuJet Flight 592,"On May 11, 1996, ValuJet Flight 592 crashed into the Florida Everglades 11 minutes after take-off, killing all 110 on board. Improperly stored oxygen generators in the cargo hold had ignited a fire. The accident exposed systemic failures in the FAA's oversight of low-cost carriers and their maintenance contractors.",May 11 1996,"Everglades, Florida, USA",25.8622,-80.5960,"aviation,fire,cargo,low-cost,maintenance",false
Alaska Airlines Flight 261,"On January 31, 2000, Alaska Airlines Flight 261 plunged into the Pacific Ocean after the horizontal stabiliser jackscrew failed due to inadequate lubrication, killing all 88 on board. Maintenance records showed that the lubrication interval had been extended without adequate engineering justification. The accident became a case study in normalised maintenance shortcuts.",January 31 2000,"Pacific Ocean, off California, USA",34.0522,-121.0750,"aviation,maintenance,jackscrew,lubrication",false
TWA Flight 800,"On July 17, 1996, TWA Flight 800 exploded and crashed into the Atlantic Ocean near Long Island, killing all 230 on board. The NTSB determined the cause was an explosion in the centre fuel tank, ignited by a short circuit. The accident resulted in major changes to aircraft fuel tank safety standards and wiring inspection requirements.",July 17 1996,"Atlantic Ocean, near Long Island, USA",40.6530,-72.6330,"aviation,explosion,fuel-tank,electrical",false
Northeast Blackout 2003,"On August 14, 2003, a software bug in an alarm system at FirstEnergy in Ohio allowed a series of overloaded power lines to cascade into the largest blackout in North American history, affecting 55 million people across the northeastern US and Canada. The bug prevented operators from seeing critical alerts. The event led to mandatory reliability standards for the North American power grid.",August 14 2003,"Northeastern USA and Canada",41.4993,-81.6944,"infrastructure,power-grid,software,blackout,cascade",false
Flash Crash of 2010,"On May 6, 2010, US stock markets lost nearly $1 trillion in market value in minutes before largely recovering. A large automated sell order triggered a cascade of algorithmic trading responses that briefly sent the Dow Jones down nearly 1,000 points. The event exposed the fragility of markets dominated by high-frequency trading and the absence of adequate circuit breakers.",May 6 2010,"New York City, USA",40.7128,-74.0060,"finance,trading,algorithm,market,flash-crash",false
Knight Capital Trading Glitch,"On August 1, 2012, a software deployment error at Knight Capital Group caused the firm's trading algorithms to execute millions of erroneous orders in 45 minutes, losing $440 million and bankrupting the firm. A technician had failed to deploy updated software to one of eight servers. The incident highlighted the systemic risk posed by automated high-frequency trading infrastructure.",August 1 2012,"New York City, USA",40.7128,-74.0060,"finance,software,trading,algorithm",false
Mars Climate Orbiter Loss,"On September 23, 1999, NASA's Mars Climate Orbiter was lost because one engineering team used metric units while another used imperial units — a discrepancy that caused the spacecraft to enter the Martian atmosphere at the wrong angle and disintegrate. The $327 million error became a defining cautionary tale about unit standardisation and interface documentation.",September 23 1999,"Mars",,,"space,nasa,software,units,mars",false
Düsseldorf Airport Fire,"On April 11, 1996, a fire started in a construction area at Düsseldorf International Airport and spread rapidly through utility ducts, killing 17 people and injuring hundreds. The airport's design allowed fire and smoke to spread quickly, and inadequate emergency response plans slowed evacuation. The disaster prompted major reforms in European airport fire safety standards.",April 11 1996,"Düsseldorf, Germany",51.2895,6.7668,"fire,airport,germany,infrastructure",false
Hatfield Rail Crash,"On October 17, 2000, a GNER express train derailed at Hatfield due to a broken rail, killing four people. The rail had been known to be defective for months — gauge corner cracking was visible — but Railtrack, the infrastructure owner, had failed to arrange timely replacement. The crash led to blanket nationwide speed restrictions and ultimately contributed to Railtrack's collapse.",October 17 2000,"Hatfield, Hertfordshire, UK",51.7631,-0.2244,"rail,derailment,track-defect,privatisation,uk",false
Bopal Bridge Collapse,"On March 27, 2017, a section of the under-construction Majerhat Bridge in Kolkata, India, collapsed onto a road below, killing three people and injuring several others. The bridge had been under construction for years and structural concerns had been raised. The collapse was part of a broader pattern of infrastructure failures in India linked to inadequate inspection and enforcement.",March 27 2017,"Kolkata, West Bengal, India",22.5726,88.3639,"structural,bridge,collapse,india,infrastructure",false
Genoa Morandi Bridge Collapse,"On August 14, 2018, the Polcevera Viaduct (Morandi Bridge) in Genoa, Italy, partially collapsed, killing 43 people. The bridge had been subject to ongoing maintenance concerns for years, and inspections had identified corrosion issues in the stay cables. The collapse sparked a national debate about Italy's crumbling infrastructure and the privatisation of motorway management.",August 14 2018,"Genoa, Italy",44.4275,8.8870,"structural,bridge,collapse,italy,infrastructure",false
Toronto Danforth Shooting,"On July 22, 2018, a gunman opened fire on a busy street in Toronto's Greektown neighbourhood, killing two people and injuring 13 others before shooting himself. The attack renewed debate in Canada about gun control legislation and access to legally acquired firearms used in mass shootings.",July 22 2018,"Toronto, Ontario, Canada",43.6785,-79.3508,"shooting,public-safety,canada,gun-control",false
Sewage Overflow Crisis UK,"Since the 2000s, privatised water companies in England have systematically discharged raw sewage into rivers and coastal waters, with overflow events increasing dramatically. Investigations have found that companies have underreported incidents and paid large dividends while underinvesting in infrastructure. The crisis has become a defining example of regulatory failure in privatised essential services.",2010s–present,"England, United Kingdom",52.3555,-1.1743,"water,sewage,privatisation,regulation,environment",false
Camp Lejeune Water Contamination,"Between the 1950s and 1987, drinking water at US Marine Corps Base Camp Lejeune in North Carolina was contaminated with toxic chemicals, including trichloroethylene and benzene, exposing nearly one million military personnel and their families. The Marine Corps and government agencies were slow to acknowledge the contamination and its health effects. The affected community waited decades for recognition and compensation.",1953–1987,"Camp Lejeune, North Carolina, USA",34.6827,-77.3619,"water,contamination,military,public-health,cover-up",false
Pacific Gas and Electric San Bruno Explosion,"On September 9, 2010, a gas transmission pipeline operated by Pacific Gas and Electric ruptured and exploded in a residential neighbourhood of San Bruno, California, killing eight people and destroying 38 homes. The NTSB found that the pipe had been improperly manufactured and that PG&E's records were inaccurate. PG&E was later convicted of federal safety violations.",September 9 2010,"San Bruno, California, USA",37.6305,-122.4113,"gas,pipeline,explosion,california,infrastructure",false
Aberfan Disaster,"On October 21, 1966, a colliery spoil tip above the Welsh village of Aberfan collapsed after heavy rain, engulfing a farm, a row of houses, and the local primary school, killing 144 people — 116 of them children. The National Coal Board had ignored warnings about the instability of the tip for years. The disaster remains one of the most traumatic industrial accidents in British history.",October 21 1966,"Aberfan, Wales, UK",51.6906,-3.3624,"mining,spoil-tip,collapse,wales,children",false
Courrières Mine Disaster,"On March 10, 1906, an explosion and fire in the Courrières coal mine in northern France killed 1,099 miners in Europe's worst mining disaster. The explosion was likely caused by coal dust ignition. The disaster and the subsequent slow and inadequate rescue operation triggered a general strike across the French mining industry.",March 10 1906,"Courrières, Pas-de-Calais, France",50.4583,2.9333,"mining,explosion,france,coal,industrial",false
Senghenydd Colliery Explosion,"On October 14, 1913, an explosion at the Universal Colliery in Senghenydd, Wales, killed 439 miners — the worst mining disaster in UK history. Coal dust and methane ignited following a spark, and the resulting explosion and afterdamp killed nearly everyone underground. The mine owner was later fined £24, a figure widely cited as emblematic of the era's disregard for miners' lives.",October 14 1913,"Senghenydd, Wales, UK",51.6229,-3.2875,"mining,explosion,wales,coal,industrial",false
Hawk Air Flight 670,"On January 21, 2004, Air Transat Flight 961, a charter jet, experienced an emergency when an engine cowling separated, damaging the fuselage. All 270 passengers survived after an emergency landing. Though not a fatal crash, the incident revealed serious maintenance procedure failures and problems with contractor oversight at the airline.",January 21 2004,"Cuba",21.5218,-79.4630,"aviation,maintenance,emergency,contractor",false
Buncefield Oil Depot Explosion,"On December 11, 2005, a series of explosions at the Buncefield oil storage depot in Hertfordshire, England, caused the largest peacetime explosion in Europe since World War II. No one was killed, but 43 people were injured and significant property damage occurred. The accident was caused by a fuel tank overfill, with multiple level gauges and high-level alarms having failed undetected.",December 11 2005,"Hemel Hempstead, Hertfordshire, UK",51.7360,-0.4280,"explosion,oil,storage,uk,industrial",false
Prestige Oil Spill,"On November 13, 2002, the oil tanker Prestige suffered a structural failure and began leaking heavy fuel oil off the coast of Galicia, Spain. Spanish and Portuguese authorities refused to allow the stricken vessel into port; six days later she broke in two and sank, ultimately releasing 77,000 tonnes of oil and devastating the region's fishing industry.",November 13 2002,"Galicia, Spain",42.1200,-9.5000,"oil,spill,tanker,spain,maritime",false
Bali Bombings,"On October 12, 2002, two bombs exploded in nightclub areas of Kuta, Bali, killing 202 people — the deadliest terrorist attack in Indonesian history. The bombings exposed significant gaps in Indonesian counterterrorism capacity and international intelligence sharing, and dramatically affected Bali's tourism economy.",October 12 2002,"Kuta, Bali, Indonesia",-8.7200,115.1700,"terrorism,bombing,indonesia,bali",false
Stava Dam Collapse,"On July 19, 1985, two upstream tailings dams at a fluorite mine in Stava, northern Italy, collapsed, releasing 180,000 cubic metres of liquid waste that destroyed the village of Stava and killed 268 people. The dams had been progressively heightened without adequate engineering review. The disaster is a landmark case in tailings dam safety and mining regulation.",July 19 1985,"Stava, Trentino, Italy",46.3830,11.5170,"dam,tailings,mining,collapse,italy",false
Lac-Mégantic Oil Train Derailment,"On July 6, 2013, an unattended crude oil train rolled downhill and derailed in the centre of Lac-Mégantic, Quebec, triggering explosions and fires that killed 47 people and destroyed much of the town. The train's brakes had been improperly set by a lone engineer who left it parked on a slope. The disaster exposed systemic failures in Transport Canada's oversight of short-line railways.",July 6 2013,"Lac-Mégantic, Quebec, Canada",45.5765,-70.8836,"rail,oil,derailment,canada,fire",false
Crystal City Apartment Collapse,"On February 15, 1981, the partially built L'Ambiance Plaza building in Bridgeport, Connecticut, collapsed during construction, killing 28 workers. The lift-slab construction method — where floors are poured at ground level and jacked up on columns — had been used without adequate safety measures. The disaster led to major changes in lift-slab construction regulations.",April 23 1987,"Bridgeport, Connecticut, USA",41.1865,-73.1952,"structural,construction,collapse,connecticut",false
Port Chicago Disaster,"On July 17, 1944, two ammunition ships exploded at the Port Chicago naval magazine in California, killing 320 military personnel in the worst homeland disaster of World War II. The explosion was followed by a mutiny among Black enlisted sailors ordered to resume loading ammunition under the same unsafe conditions. The 'Port Chicago 50' were court-martialled; their case became a catalyst for desegregation of the US military.",July 17 1944,"Port Chicago, California, USA",38.0560,-122.0450,"explosion,military,race,ammunition,maritime",false
Buenos Aires Train Crash,"On February 22, 2012, a commuter train failed to stop at the buffer at Once station in Buenos Aires and crashed into the platform, killing 51 people and injuring 789. The brakes had failed because of a poorly maintained system, and prior to the crash, there had been persistent reports of neglected maintenance throughout the Sarmiento commuter rail network.",February 22 2012,"Buenos Aires, Argentina",-34.6083,-58.4117,"rail,brakes,maintenance,argentina",false
Soma Mine Disaster,"On May 13, 2014, an explosion and fire in the Soma coal mine in western Turkey killed 301 miners — the worst industrial accident in Turkish history. The mine had a poor safety record and had been flagged for dangerous conditions. Parliamentary opposition calls for an investigation just weeks before the disaster were voted down by the ruling party.",May 13 2014,"Soma, Manisa, Turkey",39.1862,27.5982,"mining,explosion,turkey,coal,industrial",false
Deepwater Horizon Blowout,"On April 20, 2010, a well blowout on the Deepwater Horizon drilling rig in the Gulf of Mexico triggered explosions that killed 11 workers and sank the rig, beginning a 87-day oil spill that released approximately 4.9 million barrels of oil — the largest accidental marine oil spill in history. Multiple safety barriers failed in sequence, and BP had overridden safety recommendations.",April 20 2010,"Gulf of Mexico, USA",28.7366,-88.3666,"oil,blowout,offshore,bp,environment",false
Twister,"Twister follows a group of storm chasers in Oklahoma attempting to deploy experimental tornado-sensing equipment. Although the science is dramatised, the film popularised interest in severe weather research and inspired a generation of meteorologists. The fictional tornadoes in the film far exceed real recorded events in size and behaviour.",1996,"Oklahoma, USA",35.4676,-97.5164,"tornado,weather,film,storm-chasing",true
The China Syndrome,"The China Syndrome, released just 12 days before the Three Mile Island accident, follows a journalist and cameraman who witness safety cover-ups at a nuclear power plant. The film depicts a loss-of-coolant accident and institutional suppression of safety concerns with striking accuracy. Its timing made it one of the most prescient fictional treatments of industrial disaster in cinema.",1979,"California, USA",34.0522,-118.2437,"nuclear,film,cover-up,safety",true
Chernobyl HBO Series,"The 2019 HBO/Sky miniseries dramatises the Chernobyl nuclear disaster and its aftermath with unusual attention to technical and political accuracy. While some characters are composites and scenes are dramatised, the series draws extensively on testimony and official records. Its portrayal of Soviet institutional culture and the suppression of truth under pressure has been widely praised by historians.",2019,"Chernobyl, Ukraine",51.3890,30.0993,"nuclear,film,soviet,miniseries",true
Deepwater (The Film),"Deepwater Horizon (2016) dramatises the events of April 20, 2010 aboard the Deepwater Horizon oil rig. Based on a New York Times investigation, the film closely follows the accounts of surviving crew members and depicts the sequence of equipment failures and management decisions that preceded the blowout. It is considered one of the more technically accurate disaster films.",2016,"Gulf of Mexico, USA",28.7366,-88.3666,"oil,film,offshore,bp",true
